Observed_Activity,Predicted_Activity
1.5,3.4000000000000035
1.5,4.142857142857143
3.6,4.900000000000006
3.5,3.4800000000000004
1.5,4.900000000000004
7.8,3.480000000000001
